{
   "_id": "ACTIVITIES1",
   "doctype": "activities",
   "data": [
       {
           "id": "2",
           "value": "Disponibilitate",
           "control_type": "section",
           "open": true,
           "$parent": 0,
           "$level": 1,
           "$count": 2,
           "data": [
               {
                   "id": "2.1",
                   "value": "Produs",
                   "control_type": "fieldset",
                   "open": true,
                   "$parent": "2",
                   "$level": 2,
                   "$count": 7,
                   "data": [
                       {
                           "id": "2.1.0",
                           "value": "Daca toate cele 3 criterii sunt indeplinite= DA\n-Verificare stoc raft\n-Eticheta pret prezenta\n- Planograma implementata",
                           "control_data": "",
                           "control_type": "label",
                           "$parent": "2.1",
                           "$level": 3,
                           "$count": 0
                       },
                       {
                           "id": "2.1.1",
                           "value": "Salam de Sibiu\n",
                           "control_data": "",
                           "control_type": "counter",
                           "$parent": "2.1",
                           "$level": 3,
                           "$count": 0
                       },
                       {
                           "id": "2.1.2",
                           "value": "Elseve Fibralogy Sh",
                           "control_data": "",
                           "control_type": "checkbox",
                           "$parent": "2.1",
                           "$level": 3,
                           "$count": 0
                       },
                       {
                           "id": "2.1.3",
                           "value": "Elseve Color Vive Sh",
                           "control_data": "",
                           "control_type": "checkbox",
                           "$parent": "2.1",
                           "$level": 3,
                           "$count": 0
                       },
                       {
                           "id": "2.1.4",
                           "value": "Elseve Color Vive balsam",
                           "control_data": "",
                           "control_type": "checkbox",
                           "$parent": "2.1",
                           "$level": 3,
                           "$count": 0
                       },
                       {
                           "id": "2.1.5",
                           "value": "Color Nat 7.1",
                           "control_data": "",
                           "control_type": "checkbox",
                           "$parent": "2.1",
                           "$level": 3,
                           "$count": 0
                       },
                       {
                           "id": "2.1.6",
                           "value": "Color Nat 2.1",
                           "control_data": "",
                           "control_type": "checkbox",
                           "$parent": "2.1",
                           "$level": 3,
                           "$count": 0
                       }
                   ]
               },
               {
                   "id": "2.2",
                   "value": "Comandă",
                   "control_type": "fieldset",
                   "open": true,
                   "$parent": "2",
                   "$level": 2,
                   "$count": 3,
                   "data": [
                       {
                           "id": "2.2.0",
                           "value": "- categorie clasica / make up\n- promotii\n-lansari",
                           "control_data": "",
                           "control_type": "label",
                           "$parent": "2.2",
                           "$level": 3,
                           "$count": 0
                       },
                       {
                           "id": "2.2.1",
                           "value": "Propunere comanda",
                           "control_data": "",
                           "control_type": "checkbox",
                           "$parent": "2.2",
                           "$level": 3,
                           "$count": 0
                       },
                       {
                           "id": "2.2.2",
                           "value": "Preluarea comenzii",
                           "control_data": "",
                           "control_type": "checkbox",
                           "$parent": "2.2",
                           "$level": 3,
                           "$count": 0
                       }
                   ]
               }
           ]
       },
       {
           "id": "3",
           "value": "Extra vizibilitate",
           "control_type": "section",
           "open": true,
           "$parent": 0,
           "$level": 1,
           "$count": 3,
           "data": [
               {
                   "id": "3.1",
                   "value": "Priorităţi luna [completează luna]",
                   "control_type": "fieldset",
                   "open": true,
                   "$parent": "3",
                   "$level": 2,
                   "$count": 4,
                   "data": [
                       {
                           "id": "3.1.0",
                           "value": "- Pret promo semnalizat\n- Plasare secundara cf ghid\n- Materiale promo implementate",
                           "control_data": "",
                           "control_type": "label",
                           "$parent": "3.1",
                           "$level": 3,
                           "$count": 0
                       },
                       {
                           "id": "3.1.1",
                           "value": "Color Naturals",
                           "control_data": "",
                           "control_type": "checkbox",
                           "$parent": "3.1",
                           "$level": 3,
                           "$count": 0
                       },
                       {
                           "id": "3.1.2",
                           "value": "Elseve (incl. Uleiuri)",
                           "control_data": "",
                           "control_type": "checkbox",
                           "$parent": "3.1",
                           "$level": 3,
                           "$count": 0
                       },
                       {
                           "id": "3.1.3",
                           "value": "Deo Mineral",
                           "control_data": "",
                           "control_type": "checkbox",
                           "$parent": "3.1",
                           "$level": 3,
                           "$count": 0
                       }
                   ]
               },
               {
                   "id": "3.2",
                   "value": "Negociere locală",
                   "control_type": "fieldset",
                   "open": true,
                   "$parent": "3",
                   "$level": 2,
                   "$count": 5,
                   "data": [
                       {
                           "id": "3.2.1",
                           "value": "Display clasic",
                           "control_data": "",
                           "control_type": "counter",
                           "$parent": "3.2",
                           "$level": 3,
                           "$count": 0
                       },
                       {
                           "id": "3.2.2",
                           "value": "Element promo",
                           "control_data": "",
                           "control_type": "counter",
                           "$parent": "3.2",
                           "$level": 3,
                           "$count": 0
                       },
                       {
                           "id": "3.2.3",
                           "value": "Insula clasica",
                           "control_data": "",
                           "control_type": "counter",
                           "$parent": "3.2",
                           "$level": 3,
                           "$count": 0
                       },
                       {
                           "id": "3.2.4",
                           "value": "TG",
                           "control_data": "",
                           "control_type": "counter",
                           "$parent": "3.2",
                           "$level": 3,
                           "$count": 0
                       },
                       {
                           "id": "3.2.2",
                           "value": "Element promo",
                           "control_data": "",
                           "control_type": "counter",
                           "$parent": "3.2",
                           "$level": 3,
                           "$count": 0
                       }
                   ]
               },
               {
                   "id": "3.3",
                   "value": "Lansări",
                   "control_type": "fieldset",
                   "open": true,
                   "$parent": "3",
                   "$level": 2,
                   "$count": 4,
                   "data": [
                       {
                           "id": "3.3.0",
                           "value": "- Prezenta raft cf info listare\n- Implementare cf reco Cat Man\n- PLV lansare implementare\n- Make up: barcheta tester si casete in mobila",
                           "control_data": "",
                           "control_type": "label",
                           "$parent": "3.3",
                           "$level": 3,
                           "$count": 0
                       },
                       {
                           "id": "3.3.1",
                           "value": "UD Tresor Miel",
                           "control_data": "",
                           "control_type": "checkbox",
                           "$parent": "3.3",
                           "$level": 3,
                           "$count": 0
                       },
                       {
                           "id": "3.3.2",
                           "value": "Casting Caramel Mania",
                           "control_data": "",
                           "control_type": "checkbox",
                           "$parent": "3.3",
                           "$level": 3,
                           "$count": 0
                       },
                       {
                           "id": "3.3.3",
                           "value": "Miss Rebel collection",
                           "control_data": "",
                           "control_type": "checkbox",
                           "$parent": "3.3",
                           "$level": 3,
                           "$count": 0
                       }
                   ]
               }
           ]
       },
       {
           "id": "4",
           "value": "Resurse",
           "control_type": "section",
           "open": true,
           "$parent": 0,
           "$level": 1,
           "$count": 2,
           "data": [
               {
                   "id": "4.1",
                   "value": "BA",
                   "control_type": "fieldset",
                   "open": true,
                   "$parent": "4",
                   "$level": 2,
                   "$count": 5,
                   "data": [
                       {
                           "id": "4.1.1",
                           "value": "Prezenta program",
                           "control_data": "",
                           "control_type": "checkbox",
                           "$parent": "4.1",
                           "$level": 3,
                           "$count": 0
                       },
                       {
                           "id": "4.1.2",
                           "value": "Echipament (incl. ecuson)",
                           "control_data": "",
                           "control_type": "checkbox",
                           "$parent": "4.1",
                           "$level": 3,
                           "$count": 0
                       },
                       {
                           "id": "4.1.3",
                           "value": "Abordare proactiva a clientilor",
                           "control_data": "",
                           "control_type": "checkbox",
                           "$parent": "4.1",
                           "$level": 3,
                           "$count": 0
                       },
                       {
                           "id": "4.1.4",
                           "value": "Cunoaste targetul si realizatul ",
                           "control_data": "",
                           "control_type": "checkbox",
                           "$parent": "4.1",
                           "$level": 3,
                           "$count": 0
                       },
                       {
                           "id": "4.1.5",
                           "value": "Cunoaste promotiile in curs si lansarile",
                           "control_data": "",
                           "control_type": "checkbox",
                           "$parent": "4.1",
                           "$level": 3,
                           "$count": 0
                       }
                   ]
               },
               {
                   "id": "4.2",
                   "value": "Merchendiseri",
                   "control_type": "fieldset",
                   "open": true,
                   "$parent": "4",
                   "$level": 2,
                   "$count": 1,
                   "data": [
                       {
                           "id": "4.2.1",
                           "value": "Prezenta program",
                           "control_data": "",
                           "control_type": "checkbox",
                           "$parent": "4.2",
                           "$level": 3,
                           "$count": 0
                       }
                   ]
               }
           ]
       },
       {
           "id": "5",
           "value": "General",
           "control_type": "section",
           "open": true,
           "$parent": 0,
           "$level": 1,
           "$count": 1,
           "data": [
               {
                   "id": "5.1",
                   "value": "Observaţii/Alete activităţi",
                   "control_data": "",
                   "control_type": "textarea",
                   "$parent": "5",
                   "$level": 2,
                   "$count": 0
               }
           ]
       },
       {
           "id": "6",
           "value": "Încărcare poze",
           "control_type": "section",
           "open": true,
           "$parent": 0,
           "$level": 1,
           "$count": 1,
           "data": [
               {
                   "id": "6.1",
                   "value": "Alege fişierul",
                   "control_data": "",
                   "control_type": "uploader",
                   "$parent": "6",
                   "$level": 2,
                   "$count": 0
               }
           ]
       }
   ]
}